ความคิดเห็นการรักษา_natural,ความคิดเห็นบริการ_natural,ข้อเสนอแนะ_natural,LLM_Sentiment
การรักษาเป็นเลิศ ผมรู้สึกดีขึ้นมากหลังจากนั้น พนักงานดูแลอย่างเอาใจใส่มาก,บริการมีคุณภาพเยี่ยม พนักงานต้อนรับเป็นมิตร ฉันชื่นชมความรวดเร็วของพวกเขา,ขอแนะนำให้ปรับปรุงพื้นที่รอให้ดีขึ้น จะทำให้ประสบการณ์ของผู้ป่วยดีขึ้นได้,Positive
การรักษานั้นทำให้ฉันผิดหวัง ฉันรู้สึกแย่ขึ้นหลังจากนั้น แต่พนักงานดูแลอย่างใกล้ชิดมาก,บริการพอใช้ แต่เวลารอคอยยาวเกินไป ฉันชื่นชมความสุภาพ,ขอแนะนำให้เปิดบริการปรึกษาทางออนไลน์และพิจารณาเพิ่มที่จอดรถเพิ่มเติม,Negative
การรักษามีประสิทธิภาพปานกลาง ฉันไม่รู้สึกเห็นการเปลี่ยนแปลงใด ๆ หลังจากนั้น และเวลารอคอยที่ยาวนานเป็นปัญหา,คุณภาพบริการแย่มาก ทำให้ติดต่อกับใครสักคนได้ยาก ฉันชื่นชมว่าขาดการสื่อสาร,แนะนำให้ลดเอกสารราชการและต้องมีการสื่อสารที่ดีกว่า,Negative
การรักษาเป็นไปได้ดี ฉันรู้สึกดีขึ้นบ้างหลังจากนั้น แต่ก็มีความกังวลเล็กน้อยเกี่ยวกับการติดตามผล,คุณภาพการบริการพอใช้ แต่รอคอยเกินความเหมาะสม ฉันชื่นชมความรวดเร็ว,ขอแนะนำให้มีป้ายชัดเจนมากขึ้น เพื่อให้กระบวนการเป็นไปอย่างราบรื่นขึ้น,Neutral
การรักษามีประสิทธิภาพเฉลี่ย ฉันไม่ได้สังเกตเห็นการเปลี่ยนแปลงใด ๆ หลังจากนั้น แพทย์อธิบายทุกอย่างอย่างชัดเจน,บริการพอใช้ การจองนัดง่าย ฉันชื่นชมว่าขาดการสื่อสาร,ขอแนะนำให้ลดเอกสารราชการและต้องการการสื่อสารที่ดีกว่า,Negative
การรักษามีประสิทธิภาพเยี่ยม ทำให้ฉันรู้สึกดีขึ้นมาก พนักงานดูแลอย่างใส่ใจอย่างเต็มที่,บริการอยู่ในระดับปานกลาง เวลารอคอยเกินไป แต่ผมชื่นชมความสุภาพ,ขอแนะนำให้ปรับปรุงพื้นที่รอคอย เพื่อเพิ่มประสบการณ์ของผู้ป่วยให้ดีขึ้น,Positive
การรักษาดีมาก ฉันรู้สึกดีขึ้นเล็กน้อยหลังจากนั้น พนักงานดูแลอย่างเอาใจใส่มาก,บริการคุณภาพไม่ดี มีความยากลำบากในการติดต่อใครสักคน แต่ฉันชื่นชมความรวดเร็วในบริการที่มีอยู่,ขอแนะนำให้มีป้ายชี้แนะที่ชัดเจนขึ้น เพื่อให้กระบวนการเป็นไปอย่างราบรื่นขึ้น,Neutral
การรักษานั้นทำให้ฉันผิดหวัง ฉันรู้สึกแย่ลงหลังจากนั้น และกังวลเกี่ยวกับการติดตามดูแล,คุณภาพบริการยอดเยี่ยม พนักงานต้อนรับเป็นมิตร ฉันชื่นชมความสุภาพ,แนะนำให้เปิดบริการปรึกษาผ่านออนไลน์ และเพิ่มที่จอดรถให้มากขึ้น,Neutral
การรักษามีประสิทธิภาพเฉลี่ย ผมไม่สังเกตเห็นความเปลี่ยนแปลงใด ๆ หลังจากนั้น และผมกังวลเกี่ยวกับการติดตามดูแล,คุณภาพบริการพอใจ การจองนัดสะดวก ฉันชื่นชอบการที่ไม่มีการสื่อสาร,ขอแนะนำให้ลดเอกสารงานราชการลงและต้องปรับปรุงการสื่อสารให้ดียิ่งขึ้น.,Negative
การรักษาเป็นไปได้ดี ฉันรู้สึกดีขึ้นเล็กน้อยหลังจากนั้น แต่ก็มีความกังวลเกี่ยวกับการติดตามผล.,คุณภาพบริการโอเค แต่เวลารอคอยเกินไป ฉันชื่นชมความมีประสิทธิภาพ,ขอแนะนำให้มีป้ายชัดเจนยิ่งขึ้น เพื่อให้กระบวนการเป็นไปได้เร็วขึ้น,Positive
การรักษาเป็นอย่างดีมาก ฉันรู้สึกดีขึ้นมากหลังจากนั้น แต่เวลารอคอยนานเป็นปัญหา.,บริการคุณภาพแย่ ไม่สามารถติดต่อได้เลย ผมชื่นชมการขาดการสื่อสาร,แนะนำให้ปรับปรุงพื้นที่รอ เพื่อเพิ่มประสบการณ์ของผู้ป่วย,Negative
การรักษาไม่ค่อยพึงพอใจเลย หลังจากนั้นก็รู้สึกแย่ลง เวลารอคอยยาวเป็นปัญหา,คุณภาพบริการโอเค แต่เวลารอเกินไป ฉันชื่นชมความสุภาพ,ขอแนะนำให้มีบริการคำปรึกษาผ่านออนไลน์ และควรเพิ่มที่จอดรถเพิ่มเติม,Negative
การรักษาเป็นอย่างดี ฉันรู้สึกดีขึ้นบ้างหลังจากนั้น แต่เวลารอคอยที่ยาวนานเป็นปัญหา,คุณภาพการบริการพอใจ การนัดหมายง่ายมาก ฉันชื่นชมความรวดเร็ว,ฉันแนะนำให้มีป้ายชัดเจนยิ่งขึ้น เพื่อให้กระบวนการทำงานราบรื่นยิ่งขึ้น,Positive
การรักษานั้นไม่น่าพึงพอใจ ฉันรู้สึกแย่ลงหลังจากนั้น เวลารอที่ยาวนานเป็นปัญหา,บริการโอเค แต่รอคอยนานเกินไป ฉันชื่นชมความสุภาพ,แนะนำให้เปิดบริการปรึกษาออนไลน์ และพิจารณาเพิ่มที่จอดรถเพิ่มเติม,Negative
การรักษามีความพอเฉย ฉันไม่สังเกตเห็นการเปลี่ยนแปลงเลย และกังวลเกี่ยวกับการติดตามผลต่อไป,คุณภาพบริการยอดเยี่ยม ผู้ต้อนรับเป็นมิตร ฉันชื่นชมว่าต้องสื่อสารน้อย,ขอแนะนำให้ลดเอกสารราชการลงและปรับปรุงการสื่อสารให้ดีขึ้น,Neutral
การรักษามีประสิทธิภาพดีมาก ฉันรู้สึกดีขึ้นมากหลังจากนั้น แต่ก็มีความกังวลเล็กน้อยเกี่ยวกับการติดตามผล,คุณภาพการบริการพอใช้ แต่เวลารอคอยยาวเกินไป ผมชื่นชมความรวดเร็วของพนักงาน,ควรปรับปรุงพื้นที่รอให้ดีขึ้น จะช่วยเพิ่มประสบการณ์ของผู้ป่วยได้,Neutral
การรักษามีประสิทธิภาพเฉลี่ย ฉันไม่ได้เห็นการเปลี่ยนแปลงเลย หลังจากนั้นหมออธิบายทุกอย่างอย่างชัดเจน,คุณภาพบริการพอใช้ การนัดหมายสะดวก ฉันชอบที่ไม่มีการสื่อสาร.,แนะนำให้ลดเอกสารงานด้านบริหาร และต้องมีการสื่อสารที่ดีกว่า,Negative
การรักษานั้นทำให้ฉันผิดหวัง ฉันรู้สึกแย่ลงหลังจากนั้น แต่อย่างไรก็ดีแพทย์อธิบายทุกอย่างอย่างชัดเจน,คุณภาพบริการพอใช้ เวลารอเกินไป แต่ฉันชื่นชมความสุภาพของพนักงาน,แนะนำให้เปิดบริการปรึกษาออนไลน์ และพิจารณาเพิ่มที่จอดรถเพิ่มขึ้น,Negative
การรักษามีประสิทธิภาพดี ฉันรู้สึกดีขึ้นเล็กน้อยหลังจากนั้น แพทย์อธิบายทุกอย่างอย่างชัดเจน,บริการคุณภาพไม่ดี ทำให้ยากที่จะติดต่อใครสักคน แต่ฉันชื่นชมความรวดเร็วในการตอบกลับ.,ฉันแนะนำให้มีป้ายชี้แจ้งที่ชัดเจนยิ่งขึ้น เพื่อให้กระบวนการดำเนินไปได้รวดเร็วขึ้น,Neutral
การรักษานั้นทำให้ฉันผิดหวัง ฉันรู้สึกแย่ลงหลังจากนั้น แต่แพทย์อธิบายทุกอย่างให้เข้าใจชัดเจน,บริการปานกลาง พักรอคอยนานเกินไป แต่ผมชื่นชมความสุภาพของพนักงาน,แนะนำให้เปิดบริการปรึกษาผ่านออนไลน์ และเพิ่มที่จอดรถให้มากขึ้น,Negative
การรักษามันยอดเยี่ยมมาก ฉันรู้สึกดีขึ้นมากหลังจากนั้น พนักงานดูแลอย่างเอาใจใส่,คุณภาพบริการพอดี การนัดหมายง่ายมาก ฉันชอบที่ไม่มีการติดต่อ,ขอแนะนำให้ปรับปรุงพื้นที่รอคอย เพื่อให้ประสบการณ์ของผู้ป่วยดีขึ้น,Positive
การรักษามีประสิทธิภาพดี ฉันรู้สึกดีขึ้นเล็กน้อยหลังจากนั้น เจ้าหน้าที่ดูแลอย่างใส่ใจมาก,บริการยอดเยี่ยม พนักงานต้อนรับเป็นมิตร ฉันชื่นชมความรวดเร็วในการทำงาน,ขอแนะนำให้มีป้ายชัดเจนยิ่งขึ้น เพื่อให้กระบวนการเป็นไปได้รวดเร็วขึ้น,Positive
การรักษามีประสิทธิภาพปานกลาง ฉันไม่สังเกตเห็นการเปลี่ยนแปลงใด ๆ หลังจากนั้น แต่พนักงานดูแลอย่างใกล้ชิด,คุณภาพบริการแย่มาก ทำให้ติดต่อใครสักคนได้ยาก ผมชื่นชมว่าการสื่อสารไม่ดีเลย,แนะนำให้ลดเอกสารราชการลง และต้องมีการสื่อสารที่ดีกว่า,Negative
การรักษาไม่น่าพอใจ ผมรู้สึกแย่ลงหลังจากนั้น แต่อย่างไรก็ตามแพทย์อธิบายทุกอย่างให้ชัดเจน,คุณภาพบริการโอเค แต่เวลารอคอยเกินความจำเป็น ฉันชื่นชมความสุภาพของพนักงาน.,แนะนำให้มีบริการปรึกษาออนไลน์ และควรเพิ่มที่จอดรถให้มากขึ้น,Negative
การรักษามีประสิทธิภาพดี ฉันรู้สึกดีขึ้นเล็กน้อยหลังจากนั้น และแพทย์อธิบายทุกอย่างอย่างชัดเจน,บริการมีคุณภาพพอใจ การนัดหมายสะดวก ผมชื่นชมความรวดเร็วของพวกเขา,ขอแนะนำให้มีป้ายชัดเจนมากขึ้น เพื่อให้กระบวนการดำเนินไปได้รวดเร็วขึ้น,Positive
การรักษาเป็นอย่างยอดเยี่ยม ฉันรู้สึกดีขึ้นมากหลังจากนั้น แต่เวลารอคอยที่ยาวนานเป็นปัญหา,บริการพอใช้ แต่รอคอยนานเกินไป ฉันชื่นชมความสุภาพของพนักงาน,ขอแนะนำให้ปรับปรุงพื้นที่รอคอย เพื่อเพิ่มประสบการณ์ของผู้ป่วยให้ดียิ่งขึ้น,Neutral
การรักษาเป็นกลาง ๆ ไม่ได้มีผลเลย และเวลารอคอยยาวนานก่อให้เกิดปัญหา.,บริการแย่มาก ทำให้ยากที่จะติดต่อกับใคร ฉันชื่นชมว่าการสื่อสารไม่มีเลย,ควรลดเอกสารธุรการลงและต้องปรับปรุงการสื่อสารให้ดีขึ้น,Negative
การรักษาเป็นดี ฉันรู้สึกดีขึ้นเล็กน้อยหลังจากนั้น แต่เวลารอคอยยาวเป็นปัญหา.,บริการโอเค แต่ต้องรอนานเกินไป ฉันชื่นชมความมีประสิทธิภาพของพวกเขา.,ขอแนะนำให้มีป้ายบอกทางที่ชัดเจนขึ้น เพื่อให้กระบวนการเป็นไปได้รวดเร็วขึ้น,Positive
การรักษามีความเฉลี่ย ฉันไม่รู้สึกมีการเปลี่ยนแปลงใด ๆ หลังจากนั้น แต่เจ้าหน้าที่ดูแลอย่างใกล้ชิด,คุณภาพการบริการยอดเยี่ยม พนักงานต้อนรับเป็นมิตร ฉันชื่นชมการไม่มีการสื่อสาร,แนะนำให้ลดเอกสารราชการลง และควรมีการสื่อสารที่ดีกว่า,Neutral
การรักษาไม่พึงพอใจเลย ผมรู้สึกแย่ลงหลังจากนั้น แต่พนักงานดูแลอย่างใกล้ชิดมาก,บริการพอใช้ แต่รอคอยนานเกินไป ฉันชื่นชมความสุภาพ,แนะนำให้มีการให้คำปรึกษาออนไลน์ และพิจารณาเพิ่มที่จอดรถเพิ่มเติม,Negative
การรักษาเป็นยอดเยี่ยมเลย ฉันรู้สึกดีขึ้นมากหลังจากนั้น พนักงานดูแลอย่างใส่ใจมาก,บริการคุณภาพไม่ดีและยากที่จะติดต่อใครได้ แต่ผมชื่นชมความรวดเร็วของพวกเขา,ขอแนะนำให้ปรับปรุงพื้นที่รอคอย เพื่อเพิ่มประสบการณ์ของผู้ป่วย,Neutral
การรักษาไม่น่าพอใจ ฉันรู้สึกแย่ลงหลังจากนั้น เวลารอที่ยาวนานเป็นปัญหา,คุณภาพบริการโอเค แต่รอคอยเกินไป ผมชื่นชมความสุภาพของพนักงานครับ,ขอแนะนำให้เปิดบริการปรึกษาผ่านออนไลน์ และควรเพิ่มที่จอดรถเพิ่มเติมให้มากขึ้น,Negative
การรักษามีความพอเฉพาะ ไม่ได้เห็นผลใด ๆ หลังจากนั้น และเวลารอคอยนานเป็นปัญหา,คุณภาพบริการพอใช้ การนัดหมายสะดวกต่อการจอง ฉันชอบที่ไม่มีการติดต่อเพิ่มเติม,ขอแนะนำให้ลดเอกสารงานด้านธุรการและต้องมีการสื่อสารที่ดีกว่า,Negative
การรักษานั้นดี ฉันรู้สึกดีขึ้นบ้างหลังจากนั้น แต่ก็มีข้อกังวลเล็กน้อยเกี่ยวกับการติดตามดูแล,คุณภาพบริการพอใช้ แต่เวลารอคอยเกินควร ฉันชื่นชมความรวดเร็ว,ขอแนะนำให้มีป้ายชี้แนะที่ชัดเจนขึ้น เพื่อให้กระบวนการเป็นไปอย่างราบรื่น,Neutral
การรักษามีความเป็นกลาง ฉันไม่เห็นผลใด ๆ หลังจากนั้น เวลารอที่ยาวนานเป็นปัญหา,คุณภาพบริการต่ำ ทำให้ติดต่อใครได้ยาก ฉันชื่นชมว่ามีการสื่อสารน้อย,ขอแนะนำให้ลดเอกสารราชการลง และต้องมีการสื่อสารที่ดีกว่า,Negative
การรักษาเก่งจริง ๆ ฉันรู้สึกดีขึ้นอย่างมากหลังจากนั้น พนักงานดูแลด้วยความเอาใจใส่,บริการของที่นี่ยอดเยี่ยม พนักงานต้อนรับเป็นมิตร ฉันชื่นชมความสุภาพของพวกเขา,แนะนำให้ปรับปรุงห้องรอ เพื่อให้ผู้ป่วยมีประสบการณ์ที่ดียิ่งขึ้น,Positive
การรักษาเป็นไปได้ดี ฉันรู้สึกดีขึ้นเล็กน้อยหลังจากนั้น และแพทย์อธิบายทุกอย่างให้ชัดเจน,คุณภาพบริการพอใจดี การนัดหมายง่ายต่อการจอง และฉันชื่นชมความรวดเร็ว,ขอแนะนำให้มีป้ายชี้แจ้งที่ชัดเจนขึ้น เพื่อให้กระบวนการดำเนินไปได้ราบรื่นขึ้น,Positive
การรักษาไม่น่าพึงพอใจ ฉันรู้สึกแย่ลงหลังจากนั้น แต่แพทย์อธิบายทุกอย่างได้อย่างชัดเจน,บริการค่อนข้างปานกลาง เวลารอเกินไป แต่ผมชื่นชมความสุภาพครับ,ขอแนะนำให้มีบริการปรึกษาออนไลน์และควรเพิ่มที่จอดรถให้มากขึ้น,Negative
การรักษามีความเฉลี่ย ฉันไม่ได้รับรู้การเปลี่ยนแปลงใด ๆ หลังจากนั้น และกังวลเกี่ยวกับการติดตามผล,บริการมีคุณภาพต่ำ การติดต่อใครสักคนก็ยากมาก ฉันชื่นชมการขาดการสื่อสารของพวกเขา,ขอแนะนำให้ลดเอกสารงานราชการและต้องมีการสื่อสารที่ดีกว่า,Negative
การรักษามีประสิทธิภาพ ฉันรู้สึกดีขึ้นเล็กน้อยหลังจากนั้น แพทย์อธิบายทุกอย่างอย่างชัดเจน,คุณภาพบริการโอเค แต่เวลารอคอยนานเกินไป ผมชื่นชมความรวดเร็วของพวกเขา,ขอแนะนำให้ป้ายชี้แนะชัดเจนขึ้น จะช่วยให้กระบวนการเป็นไปอย่างราบรื่นขึ้น,Positive
การรักษานั้นยอดเยี่ยม ฉันรู้สึกดีขึ้นมากหลังจากนั้น และหมออธิบายทุกอย่างได้อย่างชัดเจน,คุณภาพบริการพอใช้ การนัดหมายสะดวก ฉันชอบที่ไม่มีการติดต่อ,แนะนำให้ปรับปรุงพื้นที่รอ เพื่อเพิ่มประสบการณ์ให้กับผู้ป่วย,Positive
การรักษาไม่ดีเลย ทำให้ฉันรู้สึกแย่ลงหลังจากนั้น และเวลารอคอยที่ยาวนานเป็นปัญหา,บริการโอเค แต่รอคอยนานเกินไป ฉันชื่นชมความสุภาพ,ขอแนะนำให้มีบริการปรึกษาทางออนไลน์ และพิจารณาเพิ่มที่จอดรถเพิ่มเติม,Negative
การรักษามีประสิทธิภาพดี ฉันรู้สึกดีขึ้นเล็กน้อยหลังจากนั้น พนักงานดูแลอย่างใส่ใจมาก.,คุณภาพบริการยอดเยี่ยม พนักงานต้อนรับเป็นมิตร ฉันชื่นชมความรวดเร็วในการให้บริการ,ขอแนะนำให้มีป้ายบอกทางที่ชัดเจนขึ้น ซึ่งจะช่วยให้กระบวนการดำเนินไปอย่างราบรื่นขึ้น,Positive
การรักษาไม่น่าพึงพอใจเลย ฉันรู้สึกแย่ลงหลังจากนั้น และเวลารอคอยยาวเกินไปเป็นปัญหา,บริการโอเค แต่เวลารอคอยยาวเกินไป ฉันชื่นชมความสุภาพ,แนะนำให้เปิดบริการปรึกษาออนไลน์ และเพิ่มที่จอดรถเพิ่มเติม,Negative
การรักษามีความปานกลาง ฉันไม่ได้สังเกตเห็นการเปลี่ยนแปลงใด ๆ หลังจากนั้น และกังวลเกี่ยวกับการติดตามผล.,บริการพอใช้ การนัดหมายสะดวกมาก ผมชอบว่ามีการติดต่อไม่มาก,แนะนำให้ลดเอกสารราชการลง และต้องมีการสื่อสารที่ดีกว่า,Negative
การรักษาเก่งมาก ฉันรู้สึกดีขึ้นมากหลังจากนั้น แพทย์อธิบายทุกอย่างให้เข้าใจชัดเจน,บริการพอใช้ รอคอยนานเกินไป แต่ผมชื่นชมความรวดเร็ว,แนะนำให้ปรับปรุงพื้นที่รอคอย เพราะจะทำให้ประสบการณ์ของผู้ป่วยดีขึ้น,Positive
การรักษาเป็นธรรมดา ไม่ได้มีการเปลี่ยนแปลงใด ๆ หลังจากนั้น แต่พนักงานดูแลอย่างเอาใจใส่,คุณภาพบริการแย่มาก ทำให้ยากที่จะติดต่อใครสักคน ฉันชื่นชมการไม่มีการสื่อสาร,แนะนำให้ลดเอกสารงานด้านบริหาร และเพิ่มการสื่อสารให้ดียิ่งขึ้น,Negative
การรักษาไม่น่าพอใจเลย ฉันรู้สึกแย่ลงหลังจากนั้น เวลารอคอยที่ยาวนานก็เป็นปัญหา,บริการค่อนข้างปานกลาง เวลารอเกินความเป็นธรรม ฉันชื่นชมความสุภาพ,แนะนำให้เปิดบริการปรึกษาผ่านออนไลน์ และเพิ่มที่จอดรถให้มากขึ้น,Negative
การรักษานั้นดีมาก ฉันรู้สึกพัฒนาขึ้นเล็กน้อยหลังจากนั้น พนักงานดูแลอย่างใส่ใจ,บริการมีคุณภาพพอใจ การจองนัดหมายสะดวก ผมชื่นชอบความรวดเร็ว,แนะนำให้มีป้ายชี้แจงที่ชัดเจนขึ้น เพื่อให้กระบวนการราบรื่นขึ้น,Positive
การรักษานั้นทำให้ฉันผิดหวัง ฉันรู้สึกแย่ขึ้นหลังจากนั้น แต่แพทย์อธิบายทุกอย่างให้เข้าใจชัดเจน,บริการดีเยี่ยม พนักงานต้อนรับเป็นมิตร ฉันชื่นชมความสุภาพ,แนะนำให้เปิดบริการปรึกษาออนไลน์ และควรเพิ่มที่จอดรถเพิ่มเติม,Neutral
